month,floor_area_sqm,lease_commence_date,year,storey_median,flat_age,street_name_ADMIRALTY LINK,street_name_AH HOOD RD,street_name_ALEXANDRA RD,street_name_ALJUNIED AVE 2,street_name_ALJUNIED CRES,street_name_ALJUNIED RD,street_name_ALKAFF CRES,street_name_ANCHORVALE CRES,street_name_ANCHORVALE DR,street_name_ANCHORVALE LANE,street_name_ANCHORVALE LINK,street_name_ANCHORVALE RD,street_name_ANCHORVALE ST,street_name_ANG MO KIO AVE 1,street_name_ANG MO KIO AVE 10,street_name_ANG MO KIO AVE 2,street_name_ANG MO KIO AVE 3,street_name_ANG MO KIO AVE 4,street_name_ANG MO KIO AVE 5,street_name_ANG MO KIO AVE 6,street_name_ANG MO KIO AVE 8,street_name_ANG MO KIO AVE 9,street_name_ANG MO KIO ST 11,street_name_ANG MO KIO ST 21,street_name_ANG MO KIO ST 31,street_name_ANG MO KIO ST 32,street_name_ANG MO KIO ST 44,street_name_ANG MO KIO ST 51,street_name_ANG MO KIO ST 52,street_name_ANG MO KIO ST 61,street_name_BAIN ST,street_name_BALAM RD,street_name_BANGKIT RD,street_name_BEACH RD,street_name_BEDOK CTRL,street_name_BEDOK NTH AVE 1,street_name_BEDOK NTH AVE 2,street_name_BEDOK NTH AVE 3,street_name_BEDOK NTH AVE 4,street_name_BEDOK NTH RD,street_name_BEDOK NTH ST 1,street_name_BEDOK NTH ST 2,street_name_BEDOK NTH ST 3,street_name_BEDOK NTH ST 4,street_name_BEDOK RESERVOIR CRES,street_name_BEDOK RESERVOIR RD,street_name_BEDOK RESERVOIR VIEW,street_name_BEDOK STH AVE 1,street_name_BEDOK STH AVE 2,street_name_BEDOK STH AVE 3,street_name_BEDOK STH RD,street_name_BENDEMEER RD,street_name_BEO CRES,street_name_BIDADARI PK DR,street_name_BISHAN ST 11,street_name_BISHAN ST 12,street_name_BISHAN ST 13,street_name_BISHAN ST 22,street_name_BISHAN ST 23,street_name_BISHAN ST 24,street_name_BOON KENG RD,street_name_BOON LAY AVE,street_name_BOON LAY DR,street_name_BOON LAY PL,street_name_BOON TIONG RD,street_name_BRIGHT HILL DR,street_name_BT BATOK CTRL,street_name_BT BATOK EAST AVE 3,street_name_BT BATOK EAST AVE 4,street_name_BT BATOK EAST AVE 5,street_name_BT BATOK EAST AVE 6,street_name_BT BATOK ST 11,street_name_BT BATOK ST 21,street_name_BT BATOK ST 22,street_name_BT BATOK ST 24,street_name_BT BATOK ST 25,street_name_BT BATOK ST 31,street_name_BT BATOK ST 32,street_name_BT BATOK ST 33,street_name_BT BATOK ST 34,street_name_BT BATOK ST 51,street_name_BT BATOK ST 52,street_name_BT BATOK WEST AVE 2,street_name_BT BATOK WEST AVE 4,street_name_BT BATOK WEST AVE 5,street_name_BT BATOK WEST AVE 6,street_name_BT BATOK WEST AVE 7,street_name_BT BATOK WEST AVE 8,street_name_BT BATOK WEST AVE 9,street_name_BT MERAH CTRL,street_name_BT MERAH LANE 1,street_name_BT MERAH VIEW,street_name_BT PANJANG RING RD,street_name_BT PURMEI RD,street_name_BUANGKOK CRES,street_name_BUANGKOK GREEN,street_name_BUANGKOK LINK,street_name_BUANGKOK STH FARMWAY 1,street_name_BUFFALO RD,street_name_C'WEALTH AVE,street_name_C'WEALTH AVE WEST,street_name_C'WEALTH CL,street_name_C'WEALTH CRES,street_name_C'WEALTH DR,street_name_CAMBRIDGE RD,street_name_CANBERRA CRES,street_name_CANBERRA LINK,street_name_CANBERRA RD,street_name_CANBERRA ST,street_name_CANBERRA VIEW,street_name_CANBERRA WALK,street_name_CANTONMENT CL,street_name_CANTONMENT RD,street_name_CASHEW RD,street_name_CASSIA CRES,street_name_CHAI CHEE AVE,street_name_CHAI CHEE DR,street_name_CHAI CHEE RD,street_name_CHAI CHEE ST,street_name_CHANDER RD,street_name_CHANGI VILLAGE RD,street_name_CHIN SWEE RD,street_name_CHOA CHU KANG AVE 1,street_name_CHOA CHU KANG AVE 2,street_name_CHOA CHU KANG AVE 3,street_name_CHOA CHU KANG AVE 4,street_name_CHOA CHU KANG AVE 5,street_name_CHOA CHU KANG AVE 7,street_name_CHOA CHU KANG CRES,street_name_CHOA CHU KANG CTRL,street_name_CHOA CHU KANG DR,street_name_CHOA CHU KANG LOOP,street_name_CHOA CHU KANG NTH 5,street_name_CHOA CHU KANG NTH 6,street_name_CHOA CHU KANG NTH 7,street_name_CHOA CHU KANG ST 51,street_name_CHOA CHU KANG ST 52,street_name_CHOA CHU KANG ST 53,street_name_CHOA CHU KANG ST 54,street_name_CHOA CHU KANG ST 62,street_name_CHOA CHU KANG ST 64,street_name_CIRCUIT RD,street_name_CLARENCE LANE,street_name_CLEMENTI AVE 1,street_name_CLEMENTI AVE 2,street_name_CLEMENTI AVE 3,street_name_CLEMENTI AVE 4,street_name_CLEMENTI AVE 5,street_name_CLEMENTI AVE 6,street_name_CLEMENTI ST 11,street_name_CLEMENTI ST 12,street_name_CLEMENTI ST 13,street_name_CLEMENTI ST 14,street_name_CLEMENTI WEST ST 1,street_name_CLEMENTI WEST ST 2,street_name_COMPASSVALE BOW,street_name_COMPASSVALE CRES,street_name_COMPASSVALE DR,street_name_COMPASSVALE LANE,street_name_COMPASSVALE LINK,street_name_COMPASSVALE RD,street_name_COMPASSVALE ST,street_name_COMPASSVALE WALK,street_name_CORPORATION DR,street_name_CRAWFORD LANE,street_name_DAKOTA CRES,street_name_DAWSON RD,street_name_DELTA AVE,street_name_DEPOT RD,street_name_DORSET RD,street_name_DOVER CL EAST,street_name_DOVER CRES,street_name_DOVER RD,street_name_EAST COAST RD,street_name_EDGEDALE PLAINS,street_name_EDGEFIELD PLAINS,street_name_ELIAS RD,street_name_EMPRESS RD,street_name_EUNOS CRES,street_name_EUNOS RD 5,street_name_EVERTON PK,street_name_FAJAR RD,street_name_FARRER PK RD,street_name_FARRER RD,street_name_FERNVALE LANE,street_name_FERNVALE LINK,street_name_FERNVALE RD,street_name_FERNVALE ST,street_name_FRENCH RD,street_name_GANGSA RD,street_name_GEYLANG BAHRU,street_name_GEYLANG EAST AVE 1,street_name_GEYLANG EAST AVE 2,street_name_GEYLANG EAST CTRL,street_name_GEYLANG SERAI,street_name_GHIM MOH LINK,street_name_GHIM MOH RD,street_name_GLOUCESTER RD,street_name_HAIG RD,street_name_HAVELOCK RD,street_name_HENDERSON CRES,street_name_HENDERSON RD,street_name_HILLVIEW AVE,street_name_HO CHING RD,street_name_HOLLAND AVE,street_name_HOLLAND CL,street_name_HOLLAND DR,street_name_HOUGANG AVE 1,street_name_HOUGANG AVE 10,street_name_HOUGANG AVE 2,street_name_HOUGANG AVE 3,street_name_HOUGANG AVE 4,street_name_HOUGANG AVE 5,street_name_HOUGANG AVE 6,street_name_HOUGANG AVE 7,street_name_HOUGANG AVE 8,street_name_HOUGANG AVE 9,street_name_HOUGANG CTRL,street_name_HOUGANG ST 11,street_name_HOUGANG ST 21,street_name_HOUGANG ST 22,street_name_HOUGANG ST 31,street_name_HOUGANG ST 32,street_name_HOUGANG ST 51,street_name_HOUGANG ST 52,street_name_HOUGANG ST 61,street_name_HOUGANG ST 91,street_name_HOUGANG ST 92,street_name_HOY FATT RD,street_name_HU CHING RD,street_name_INDUS RD,street_name_JELAPANG RD,street_name_JELEBU RD,street_name_JELLICOE RD,street_name_JLN BAHAGIA,street_name_JLN BATU,street_name_JLN BERSEH,street_name_JLN BT HO SWEE,street_name_JLN BT MERAH,street_name_JLN DAMAI,street_name_JLN DUA,street_name_JLN DUSUN,street_name_JLN KAYU,street_name_JLN KLINIK,street_name_JLN KUKOH,street_name_JLN MA'MOR,street_name_JLN MEMBINA,street_name_JLN MEMBINA BARAT,street_name_JLN PASAR BARU,street_name_JLN RAJAH,street_name_JLN RUMAH TINGGI,street_name_JLN TECK WHYE,street_name_JLN TENAGA,street_name_JLN TENTERAM,street_name_JLN TIGA,street_name_JOO CHIAT RD,street_name_JOO SENG RD,street_name_JURONG EAST AVE 1,street_name_JURONG EAST ST 13,street_name_JURONG EAST ST 21,street_name_JURONG EAST ST 24,street_name_JURONG EAST ST 31,street_name_JURONG EAST ST 32,street_name_JURONG WEST AVE 1,street_name_JURONG WEST AVE 3,street_name_JURONG WEST AVE 5,street_name_JURONG WEST CTRL 1,street_name_JURONG WEST CTRL 3,street_name_JURONG WEST ST 24,street_name_JURONG WEST ST 25,street_name_JURONG WEST ST 41,street_name_JURONG WEST ST 42,street_name_JURONG WEST ST 51,street_name_JURONG WEST ST 52,street_name_JURONG WEST ST 61,street_name_JURONG WEST ST 62,street_name_JURONG WEST ST 64,street_name_JURONG WEST ST 65,street_name_JURONG WEST ST 71,street_name_JURONG WEST ST 72,street_name_JURONG WEST ST 73,street_name_JURONG WEST ST 74,street_name_JURONG WEST ST 75,street_name_JURONG WEST ST 81,street_name_JURONG WEST ST 91,street_name_JURONG WEST ST 92,street_name_JURONG WEST ST 93,street_name_KALLANG BAHRU,street_name_KANG CHING RD,street_name_KEAT HONG CL,street_name_KEAT HONG LINK,street_name_KELANTAN RD,street_name_KENT RD,street_name_KG ARANG RD,street_name_KG BAHRU HILL,street_name_KG KAYU RD,street_name_KIM CHENG ST,street_name_KIM KEAT AVE,street_name_KIM KEAT LINK,street_name_KIM PONG RD,street_name_KIM TIAN PL,street_name_KIM TIAN RD,street_name_KING GEORGE'S AVE,street_name_KLANG LANE,street_name_KRETA AYER RD,street_name_LENGKOK BAHRU,street_name_LENGKONG TIGA,street_name_LIM CHU KANG RD,street_name_LIM LIAK ST,street_name_LOMPANG RD,street_name_LOR 1 TOA PAYOH,street_name_LOR 1A TOA PAYOH,street_name_LOR 2 TOA PAYOH,street_name_LOR 3 GEYLANG,street_name_LOR 3 TOA PAYOH,street_name_LOR 4 TOA PAYOH,street_name_LOR 5 TOA PAYOH,street_name_LOR 6 TOA PAYOH,street_name_LOR 7 TOA PAYOH,street_name_LOR 8 TOA PAYOH,street_name_LOR AH SOO,street_name_LOR LEW LIAN,street_name_LOR LIMAU,street_name_LOWER DELTA RD,street_name_MACPHERSON LANE,street_name_MARGARET DR,street_name_MARINE CRES,street_name_MARINE DR,street_name_MARINE PARADE CTRL,street_name_MARINE TER,street_name_MARSILING CRES,street_name_MARSILING DR,street_name_MARSILING LANE,street_name_MARSILING RD,street_name_MARSILING RISE,street_name_MCNAIR RD,street_name_MEI LING ST,street_name_MOH GUAN TER,street_name_MONTREAL DR,street_name_MONTREAL LINK,street_name_MOULMEIN RD,street_name_NEW MKT RD,street_name_NEW UPP CHANGI RD,street_name_NILE RD,street_name_NTH BRIDGE RD,street_name_OLD AIRPORT RD,street_name_OUTRAM HILL,street_name_OUTRAM PK,street_name_OWEN RD,street_name_PANDAN GDNS,street_name_PASIR RIS DR 1,street_name_PASIR RIS DR 10,street_name_PASIR RIS DR 3,street_name_PASIR RIS DR 4,street_name_PASIR RIS DR 6,street_name_PASIR RIS ST 11,street_name_PASIR RIS ST 12,street_name_PASIR RIS ST 13,street_name_PASIR RIS ST 21,street_name_PASIR RIS ST 41,street_name_PASIR RIS ST 51,street_name_PASIR RIS ST 52,street_name_PASIR RIS ST 53,street_name_PASIR RIS ST 71,street_name_PASIR RIS ST 72,street_name_PAYA LEBAR WAY,street_name_PENDING RD,street_name_PETIR RD,street_name_PINE CL,street_name_PIPIT RD,street_name_POTONG PASIR AVE 1,street_name_POTONG PASIR AVE 2,street_name_POTONG PASIR AVE 3,street_name_PUNGGOL CTRL,street_name_PUNGGOL DR,street_name_PUNGGOL EAST,street_name_PUNGGOL FIELD,street_name_PUNGGOL FIELD WALK,street_name_PUNGGOL PL,street_name_PUNGGOL RD,street_name_PUNGGOL WALK,street_name_PUNGGOL WAY,street_name_QUEEN ST,street_name_QUEEN'S CL,street_name_QUEEN'S RD,street_name_QUEENSWAY,street_name_RACE COURSE RD,street_name_REDHILL CL,street_name_REDHILL LANE,street_name_REDHILL RD,street_name_RIVERVALE CRES,street_name_RIVERVALE DR,street_name_RIVERVALE ST,street_name_RIVERVALE WALK,street_name_ROCHOR RD,street_name_ROWELL RD,street_name_SAGO LANE,street_name_SAUJANA RD,street_name_SEGAR RD,street_name_SELEGIE RD,street_name_SELETAR WEST FARMWAY 6,street_name_SEMBAWANG CL,street_name_SEMBAWANG CRES,street_name_SEMBAWANG DR,street_name_SEMBAWANG RD,street_name_SEMBAWANG VISTA,street_name_SEMBAWANG WAY,street_name_SENG POH RD,street_name_SENGKANG CTRL,street_name_SENGKANG EAST AVE,street_name_SENGKANG EAST RD,street_name_SENGKANG EAST WAY,street_name_SENGKANG WEST AVE,street_name_SENGKANG WEST RD,street_name_SENGKANG WEST WAY,street_name_SENJA LINK,street_name_SENJA RD,street_name_SERANGOON AVE 1,street_name_SERANGOON AVE 2,street_name_SERANGOON AVE 3,street_name_SERANGOON AVE 4,street_name_SERANGOON CTRL,street_name_SERANGOON CTRL DR,street_name_SERANGOON NTH AVE 1,street_name_SERANGOON NTH AVE 2,street_name_SERANGOON NTH AVE 3,street_name_SERANGOON NTH AVE 4,street_name_SHORT ST,street_name_SHUNFU RD,street_name_SILAT AVE,street_name_SIMEI LANE,street_name_SIMEI RD,street_name_SIMEI ST 1,street_name_SIMEI ST 2,street_name_SIMEI ST 4,street_name_SIMEI ST 5,street_name_SIMS AVE,street_name_SIMS DR,street_name_SIMS PL,street_name_SIN MING AVE,street_name_SIN MING RD,street_name_SMITH ST,street_name_SPOTTISWOODE PK RD,street_name_ST. GEORGE'S LANE,street_name_ST. GEORGE'S RD,street_name_STIRLING RD,street_name_STRATHMORE AVE,street_name_SUMANG LANE,street_name_SUMANG LINK,street_name_SUMANG WALK,street_name_TAH CHING RD,street_name_TAMAN HO SWEE,street_name_TAMPINES AVE 1,street_name_TAMPINES AVE 4,street_name_TAMPINES AVE 5,street_name_TAMPINES AVE 7,street_name_TAMPINES AVE 8,street_name_TAMPINES AVE 9,street_name_TAMPINES CTRL 1,street_name_TAMPINES CTRL 7,street_name_TAMPINES CTRL 8,street_name_TAMPINES NTH DR 1,street_name_TAMPINES ST 11,street_name_TAMPINES ST 12,street_name_TAMPINES ST 21,street_name_TAMPINES ST 22,street_name_TAMPINES ST 23,street_name_TAMPINES ST 24,street_name_TAMPINES ST 32,street_name_TAMPINES ST 33,street_name_TAMPINES ST 34,street_name_TAMPINES ST 41,street_name_TAMPINES ST 42,street_name_TAMPINES ST 43,street_name_TAMPINES ST 44,street_name_TAMPINES ST 45,street_name_TAMPINES ST 61,street_name_TAMPINES ST 71,street_name_TAMPINES ST 72,street_name_TAMPINES ST 81,street_name_TAMPINES ST 82,street_name_TAMPINES ST 83,street_name_TAMPINES ST 84,street_name_TAMPINES ST 86,street_name_TAMPINES ST 91,street_name_TANGLIN HALT RD,street_name_TAO CHING RD,street_name_TEBAN GDNS RD,street_name_TECK WHYE AVE,street_name_TECK WHYE CRES,street_name_TECK WHYE LANE,street_name_TELOK BLANGAH CRES,street_name_TELOK BLANGAH DR,street_name_TELOK BLANGAH HTS,street_name_TELOK BLANGAH RISE,street_name_TELOK BLANGAH ST 31,street_name_TELOK BLANGAH WAY,street_name_TESSENSOHN RD,street_name_TG PAGAR PLAZA,street_name_TIONG BAHRU RD,street_name_TOA PAYOH CTRL,street_name_TOA PAYOH EAST,street_name_TOA PAYOH NTH,street_name_TOH GUAN RD,street_name_TOH YI DR,street_name_TOWNER RD,street_name_UBI AVE 1,street_name_UPP ALJUNIED LANE,street_name_UPP BOON KENG RD,street_name_UPP CROSS ST,street_name_UPP SERANGOON CRES,street_name_UPP SERANGOON RD,street_name_UPP SERANGOON VIEW,street_name_VEERASAMY RD,street_name_WATERLOO ST,street_name_WELLINGTON CIRCLE,street_name_WEST COAST DR,street_name_WEST COAST RD,street_name_WHAMPOA DR,street_name_WHAMPOA RD,street_name_WHAMPOA STH,street_name_WHAMPOA WEST,street_name_WOODLANDS AVE 1,street_name_WOODLANDS AVE 3,street_name_WOODLANDS AVE 4,street_name_WOODLANDS AVE 5,street_name_WOODLANDS AVE 6,street_name_WOODLANDS AVE 9,street_name_WOODLANDS CIRCLE,street_name_WOODLANDS CRES,street_name_WOODLANDS CTR RD,street_name_WOODLANDS DR 14,street_name_WOODLANDS DR 16,street_name_WOODLANDS DR 40,street_name_WOODLANDS DR 42,street_name_WOODLANDS DR 44,street_name_WOODLANDS DR 50,street_name_WOODLANDS DR 52,street_name_WOODLANDS DR 53,street_name_WOODLANDS DR 60,street_name_WOODLANDS DR 62,street_name_WOODLANDS DR 70,street_name_WOODLANDS DR 71,street_name_WOODLANDS DR 72,street_name_WOODLANDS DR 73,street_name_WOODLANDS DR 75,street_name_WOODLANDS RING RD,street_name_WOODLANDS RISE,street_name_WOODLANDS ST 11,street_name_WOODLANDS ST 13,street_name_WOODLANDS ST 31,street_name_WOODLANDS ST 32,street_name_WOODLANDS ST 41,street_name_WOODLANDS ST 81,street_name_WOODLANDS ST 82,street_name_WOODLANDS ST 83,street_name_YISHUN AVE 1,street_name_YISHUN AVE 11,street_name_YISHUN AVE 2,street_name_YISHUN AVE 3,street_name_YISHUN AVE 4,street_name_YISHUN AVE 5,street_name_YISHUN AVE 6,street_name_YISHUN AVE 7,street_name_YISHUN AVE 9,street_name_YISHUN CTRL,street_name_YISHUN CTRL 1,street_name_YISHUN RING RD,street_name_YISHUN ST 11,street_name_YISHUN ST 20,street_name_YISHUN ST 21,street_name_YISHUN ST 22,street_name_YISHUN ST 31,street_name_YISHUN ST 41,street_name_YISHUN ST 43,street_name_YISHUN ST 51,street_name_YISHUN ST 61,street_name_YISHUN ST 71,street_name_YISHUN ST 72,street_name_YISHUN ST 81,street_name_YUAN CHING RD,street_name_YUNG AN RD,street_name_YUNG HO RD,street_name_YUNG KUANG RD,street_name_YUNG LOH RD,street_name_YUNG PING RD,street_name_YUNG SHENG RD,street_name_ZION RD,flat_type_2 ROOM,flat_type_3 ROOM,flat_type_4 ROOM,flat_type_5 ROOM,flat_type_EXECUTIVE,flat_type_MULTI GENERATION,flat_type_MULTI-GENERATION
3,113,2017,2025,3,8,FALSE,FALSE,FALSE,FALSE,FALSE,FALSE,FALSE,FALSE,FALSE,FALSE,FALSE,FALSE,FALSE,FALSE,FALSE,FALSE,FALSE,FALSE,FALSE,FALSE,FALSE,FALSE,FALSE,FALSE,FALSE,FALSE,FALSE,FALSE,FALSE,FALSE,FALSE,FALSE,FALSE,FALSE,FALSE,FALSE,FALSE,FALSE,FALSE,FALSE,FALSE,FALSE,FALSE,FALSE,FALSE,FALSE,FALSE,FALSE,FALSE,FALSE,FALSE,FALSE,FALSE,FALSE,FALSE,FALSE,FALSE,FALSE,FALSE,FALSE,FALSE,FALSE,FALSE,FALSE,FALSE,FALSE,FALSE,FALSE,FALSE,FALSE,FALSE,FALSE,FALSE,FALSE,FALSE,FALSE,FALSE,FALSE,FALSE,FALSE,FALSE,FALSE,FALSE,FALSE,FALSE,FALSE,FALSE,FALSE,FALSE,FALSE,FALSE,FALSE,FALSE,FALSE,FALSE,FALSE,FALSE,FALSE,FALSE,FALSE,FALSE,FALSE,FALSE,FALSE,FALSE,FALSE,FALSE,FALSE,FALSE,FALSE,FALSE,FALSE,FALSE,FALSE,FALSE,FALSE,FALSE,FALSE,FALSE,FALSE,FALSE,FALSE,FALSE,FALSE,FALSE,FALSE,FALSE,FALSE,FALSE,FALSE,FALSE,FALSE,FALSE,FALSE,FALSE,FALSE,FALSE,FALSE,FALSE,FALSE,FALSE,FALSE,FALSE,FALSE,FALSE,FALSE,FALSE,FALSE,FALSE,FALSE,FALSE,FALSE,FALSE,FALSE,FALSE,TRUE,FALSE,FALSE,FALSE,FALSE,FALSE,FALSE,FALSE,FALSE,FALSE,FALSE,FALSE,FALSE,FALSE,FALSE,FALSE,FALSE,FALSE,FALSE,FALSE,FALSE,FALSE,FALSE,FALSE,FALSE,FALSE,FALSE,FALSE,FALSE,FALSE,FALSE,FALSE,FALSE,FALSE,FALSE,FALSE,FALSE,FALSE,FALSE,FALSE,FALSE,FALSE,FALSE,FALSE,FALSE,FALSE,FALSE,FALSE,FALSE,FALSE,FALSE,FALSE,FALSE,FALSE,FALSE,FALSE,FALSE,FALSE,FALSE,FALSE,FALSE,FALSE,FALSE,FALSE,FALSE,FALSE,FALSE,FALSE,FALSE,FALSE,FALSE,FALSE,FALSE,FALSE,FALSE,FALSE,FALSE,FALSE,FALSE,FALSE,FALSE,FALSE,FALSE,FALSE,FALSE,FALSE,FALSE,FALSE,FALSE,FALSE,FALSE,FALSE,FALSE,FALSE,FALSE,FALSE,FALSE,FALSE,FALSE,FALSE,FALSE,FALSE,FALSE,FALSE,FALSE,FALSE,FALSE,FALSE,FALSE,FALSE,FALSE,FALSE,FALSE,FALSE,FALSE,FALSE,FALSE,FALSE,FALSE,FALSE,FALSE,FALSE,FALSE,FALSE,FALSE,FALSE,FALSE,FALSE,FALSE,FALSE,FALSE,FALSE,FALSE,FALSE,FALSE,FALSE,FALSE,FALSE,FALSE,FALSE,FALSE,FALSE,FALSE,FALSE,FALSE,FALSE,FALSE,FALSE,FALSE,FALSE,FALSE,FALSE,FALSE,FALSE,FALSE,FALSE,FALSE,FALSE,FALSE,FALSE,FALSE,FALSE,FALSE,FALSE,FALSE,FALSE,FALSE,FALSE,FALSE,FALSE,FALSE,FALSE,FALSE,FALSE,FALSE,FALSE,FALSE,FALSE,FALSE,FALSE,FALSE,FALSE,FALSE,FALSE,FALSE,FALSE,FALSE,FALSE,FALSE,FALSE,FALSE,FALSE,FALSE,FALSE,FALSE,FALSE,FALSE,FALSE,FALSE,FALSE,FALSE,FALSE,FALSE,FALSE,FALSE,FALSE,FALSE,FALSE,FALSE,FALSE,FALSE,FALSE,FALSE,FALSE,FALSE,FALSE,FALSE,FALSE,FALSE,FALSE,FALSE,FALSE,FALSE,FALSE,FALSE,FALSE,FALSE,FALSE,FALSE,FALSE,FALSE,FALSE,FALSE,FALSE,FALSE,FALSE,FALSE,FALSE,FALSE,FALSE,FALSE,FALSE,FALSE,FALSE,FALSE,FALSE,FALSE,FALSE,FALSE,FALSE,FALSE,FALSE,FALSE,FALSE,FALSE,FALSE,FALSE,FALSE,FALSE,FALSE,FALSE,FALSE,FALSE,FALSE,FALSE,FALSE,FALSE,FALSE,FALSE,FALSE,FALSE,FALSE,FALSE,FALSE,FALSE,FALSE,FALSE,FALSE,FALSE,FALSE,FALSE,FALSE,FALSE,FALSE,FALSE,FALSE,FALSE,FALSE,FALSE,FALSE,FALSE,FALSE,FALSE,FALSE,FALSE,FALSE,FALSE,FALSE,FALSE,FALSE,FALSE,FALSE,FALSE,FALSE,FALSE,FALSE,FALSE,FALSE,FALSE,FALSE,FALSE,FALSE,FALSE,FALSE,FALSE,FALSE,FALSE,FALSE,FALSE,FALSE,FALSE,FALSE,FALSE,FALSE,FALSE,FALSE,FALSE,FALSE,FALSE,FALSE,FALSE,FALSE,FALSE,FALSE,FALSE,FALSE,FALSE,FALSE,FALSE,FALSE,FALSE,FALSE,FALSE,FALSE,FALSE,FALSE,FALSE,FALSE,FALSE,FALSE,FALSE,FALSE,FALSE,FALSE,FALSE,FALSE,FALSE,FALSE,FALSE,FALSE,FALSE,FALSE,FALSE,FALSE,FALSE,FALSE,FALSE,FALSE,FALSE,FALSE,FALSE,FALSE,FALSE,FALSE,FALSE,FALSE,FALSE,FALSE,FALSE,FALSE,FALSE,FALSE,FALSE,FALSE,FALSE,FALSE,FALSE,FALSE,FALSE,FALSE,FALSE,FALSE,FALSE,FALSE,FALSE,FALSE,FALSE,FALSE,FALSE,FALSE,FALSE,FALSE,FALSE,FALSE,FALSE,FALSE,FALSE,FALSE,FALSE,FALSE,FALSE,FALSE,FALSE,FALSE,FALSE,FALSE,FALSE,FALSE,FALSE,FALSE,FALSE,FALSE,FALSE,FALSE,FALSE,FALSE,FALSE,FALSE,FALSE,FALSE,FALSE,FALSE,FALSE,FALSE,FALSE,FALSE,TRUE,FALSE,FALSE,FALSE
